[
  {
    "inputs": [
      {
        "internalType": "bytes32",
        "name": "merkleRoot",
        "type": "bytes32"
      }
    ],
    "name": "createGate",
    "outputs": [
      {
        "internalType": "bytes12",
        "name": "id",
        "type": "bytes12"
      }
    ],
    "stateMutability": "nonpayable",
    "type": "function"
  },
  {
    "inputs": [
      {
        "internalType": "address",
        "name": "participant",
        "type": "address"
      },
      {
        "internalType": "bytes12",
        "name": "id",
        "type": "bytes12"
      },
      {
        "internalType": "bytes",
        "name": "userData",
        "type": "bytes"
      }
    ],
    "name": "isAllowed",
    "outputs": [
      {
        "internalType": "bool",
        "name": "",
        "type": "bool"
      }
    ],
    "stateMutability": "view",
    "type": "function"
  },
  {
    "inputs": [
      {
        "internalType": "uint96",
        "name": "",
        "type": "uint96"
      }
    ],
    "name": "merkleRoots",
    "outputs": [
      {
        "internalType": "bytes32",
        "name": "",
        "type": "bytes32"
      }
    ],
    "stateMutability": "view",
    "type": "function"
  }
]
