[
  {
    "inputs": [
      {
        "internalType": "contract IGlobals",
        "name": "globals",
        "type": "address"
      }
    ],
    "stateMutability": "nonpayable",
    "type": "constructor"
  },
  {
    "inputs": [
      {
        "internalType": "address",
        "name": "authority",
        "type": "address"
      }
    ],
    "name": "InvalidAuthorityError",
    "type": "error"
  },
  {
    "anonymous": false,
    "inputs": [
      {
        "indexed": true,
        "internalType": "contract Party",
        "name": "party",
        "type": "address"
      },
      {
        "components": [
          {
            "components": [
              {
                "internalType": "address[]",
                "name": "hosts",
                "type": "address[]"
              },
              {
                "internalType": "uint40",
                "name": "voteDuration",
                "type": "uint40"
              },
              {
                "internalType": "uint40",
                "name": "executionDelay",
                "type": "uint40"
              },
              {
                "internalType": "uint16",
                "name": "passThresholdBps",
                "type": "uint16"
              },
              {
                "internalType": "uint96",
                "name": "totalVotingPower",
                "type": "uint96"
              },
              {
                "internalType": "uint16",
                "name": "feeBps",
                "type": "uint16"
              },
              {
                "internalType": "address payable",
                "name": "feeRecipient",
                "type": "address"
              }
            ],
            "internalType": "struct PartyGovernance.GovernanceOpts",
            "name": "governance",
            "type": "tuple"
          },
          {
            "internalType": "string",
            "name": "name",
            "type": "string"
          },
          {
            "internalType": "string",
            "name": "symbol",
            "type": "string"
          },
          {
            "internalType": "uint256",
            "name": "customizationPresetId",
            "type": "uint256"
          }
        ],
        "indexed": false,
        "internalType": "struct Party.PartyOptions",
        "name": "opts",
        "type": "tuple"
      },
      {
        "indexed": false,
        "internalType": "contract IERC721[]",
        "name": "preciousTokens",
        "type": "address[]"
      },
      {
        "indexed": false,
        "internalType": "uint256[]",
        "name": "preciousTokenIds",
        "type": "uint256[]"
      },
      {
        "indexed": false,
        "internalType": "address",
        "name": "creator",
        "type": "address"
      }
    ],
    "name": "PartyCreated",
    "type": "event"
  },
  {
    "inputs": [],
    "name": "GLOBALS",
    "outputs": [
      {
        "internalType": "contract IGlobals",
        "name": "",
        "type": "address"
      }
    ],
    "stateMutability": "view",
    "type": "function"
  },
  {
    "inputs": [
      {
        "internalType": "address",
        "name": "authority",
        "type": "address"
      },
      {
        "components": [
          {
            "components": [
              {
                "internalType": "address[]",
                "name": "hosts",
                "type": "address[]"
              },
              {
                "internalType": "uint40",
                "name": "voteDuration",
                "type": "uint40"
              },
              {
                "internalType": "uint40",
                "name": "executionDelay",
                "type": "uint40"
              },
              {
                "internalType": "uint16",
                "name": "passThresholdBps",
                "type": "uint16"
              },
              {
                "internalType": "uint96",
                "name": "totalVotingPower",
                "type": "uint96"
              },
              {
                "internalType": "uint16",
                "name": "feeBps",
                "type": "uint16"
              },
              {
                "internalType": "address payable",
                "name": "feeRecipient",
                "type": "address"
              }
            ],
            "internalType": "struct PartyGovernance.GovernanceOpts",
            "name": "governance",
            "type": "tuple"
          },
          {
            "internalType": "string",
            "name": "name",
            "type": "string"
          },
          {
            "internalType": "string",
            "name": "symbol",
            "type": "string"
          },
          {
            "internalType": "uint256",
            "name": "customizationPresetId",
            "type": "uint256"
          }
        ],
        "internalType": "struct Party.PartyOptions",
        "name": "opts",
        "type": "tuple"
      },
      {
        "internalType": "contract IERC721[]",
        "name": "preciousTokens",
        "type": "address[]"
      },
      {
        "internalType": "uint256[]",
        "name": "preciousTokenIds",
        "type": "uint256[]"
      }
    ],
    "name": "createParty",
    "outputs": [
      {
        "internalType": "contract Party",
        "name": "party",
        "type": "address"
      }
    ],
    "stateMutability": "nonpayable",
    "type": "function"
  }
]
