[
  {
    "inputs": [
      {
        "internalType": "contract IGlobals",
        "name": "globals",
        "type": "address"
      },
      {
        "internalType": "uint40",
        "name": "emergencyDisabledTimestamp",
        "type": "uint40"
      }
    ],
    "stateMutability": "nonpayable",
    "type": "constructor"
  },
  {
    "inputs": [
      {
        "internalType": "uint256",
        "name": "distributionId",
        "type": "uint256"
      },
      {
        "internalType": "uint256",
        "name": "partyTokenId",
        "type": "uint256"
      }
    ],
    "name": "DistributionAlreadyClaimedByPartyTokenError",
    "type": "error"
  },
  {
    "inputs": [
      {
        "internalType": "uint256",
        "name": "distributionId",
        "type": "uint256"
      }
    ],
    "name": "DistributionFeeAlreadyClaimedError",
    "type": "error"
  },
  {
    "inputs": [],
    "name": "EmergencyActionsNotAllowedError",
    "type": "error"
  },
  {
    "inputs": [
      {
        "internalType": "address",
        "name": "receiver",
        "type": "address"
      },
      {
        "internalType": "bytes",
        "name": "errData",
        "type": "bytes"
      }
    ],
    "name": "EthTransferFailed",
    "type": "error"
  },
  {
    "inputs": [
      {
        "components": [
          {
            "internalType": "enum ITokenDistributor.TokenType",
            "name": "tokenType",
            "type": "uint8"
          },
          {
            "internalType": "uint256",
            "name": "distributionId",
            "type": "uint256"
          },
          {
            "internalType": "contract ITokenDistributorParty",
            "name": "party",
            "type": "address"
          },
          {
            "internalType": "address payable",
            "name": "feeRecipient",
            "type": "address"
          },
          {
            "internalType": "address",
            "name": "token",
            "type": "address"
          },
          {
            "internalType": "uint128",
            "name": "memberSupply",
            "type": "uint128"
          },
          {
            "internalType": "uint128",
            "name": "fee",
            "type": "uint128"
          }
        ],
        "internalType": "struct ITokenDistributor.DistributionInfo",
        "name": "info",
        "type": "tuple"
      }
    ],
    "name": "InvalidDistributionInfoError",
    "type": "error"
  },
  {
    "inputs": [
      {
        "internalType": "uint128",
        "name": "supply",
        "type": "uint128"
      }
    ],
    "name": "InvalidDistributionSupplyError",
    "type": "error"
  },
  {
    "inputs": [
      {
        "internalType": "uint16",
        "name": "feeBps",
        "type": "uint16"
      }
    ],
    "name": "InvalidFeeBpsError",
    "type": "error"
  },
  {
    "inputs": [
      {
        "internalType": "address",
        "name": "sender",
        "type": "address"
      },
      {
        "internalType": "address",
        "name": "expectedOwner",
        "type": "address"
      },
      {
        "internalType": "uint256",
        "name": "partyTokenId",
        "type": "uint256"
      }
    ],
    "name": "MustOwnTokenError",
    "type": "error"
  },
  {
    "inputs": [
      {
        "internalType": "contract IERC20",
        "name": "token",
        "type": "address"
      }
    ],
    "name": "NotATokenError",
    "type": "error"
  },
  {
    "inputs": [
      {
        "internalType": "address",
        "name": "caller",
        "type": "address"
      },
      {
        "internalType": "address",
        "name": "feeRecipient",
        "type": "address"
      }
    ],
    "name": "OnlyFeeRecipientError",
    "type": "error"
  },
  {
    "inputs": [
      {
        "internalType": "address",
        "name": "notDao",
        "type": "address"
      },
      {
        "internalType": "address",
        "name": "partyDao",
        "type": "address"
      }
    ],
    "name": "OnlyPartyDaoError",
    "type": "error"
  },
  {
    "inputs": [
      {
        "internalType": "contract IERC20",
        "name": "token",
        "type": "address"
      },
      {
        "internalType": "address",
        "name": "to",
        "type": "address"
      },
      {
        "internalType": "uint256",
        "name": "amount",
        "type": "uint256"
      }
    ],
    "name": "TokenTransferFailedError",
    "type": "error"
  },
  {
    "inputs": [
      {
        "internalType": "uint256",
        "name": "u256",
        "type": "uint256"
      }
    ],
    "name": "Uint256ToUint128CastOutOfRangeError",
    "type": "error"
  },
  {
    "anonymous": false,
    "inputs": [
      {
        "indexed": true,
        "internalType": "contract ITokenDistributorParty",
        "name": "party",
        "type": "address"
      },
      {
        "indexed": true,
        "internalType": "uint256",
        "name": "partyTokenId",
        "type": "uint256"
      },
      {
        "indexed": true,
        "internalType": "address",
        "name": "owner",
        "type": "address"
      },
      {
        "indexed": false,
        "internalType": "enum ITokenDistributor.TokenType",
        "name": "tokenType",
        "type": "uint8"
      },
      {
        "indexed": false,
        "internalType": "address",
        "name": "token",
        "type": "address"
      },
      {
        "indexed": false,
        "internalType": "uint256",
        "name": "amountClaimed",
        "type": "uint256"
      }
    ],
    "name": "DistributionClaimedByPartyToken",
    "type": "event"
  },
  {
    "anonymous": false,
    "inputs": [
      {
        "indexed": true,
        "internalType": "contract ITokenDistributorParty",
        "name": "party",
        "type": "address"
      },
      {
        "components": [
          {
            "internalType": "enum ITokenDistributor.TokenType",
            "name": "tokenType",
            "type": "uint8"
          },
          {
            "internalType": "uint256",
            "name": "distributionId",
            "type": "uint256"
          },
          {
            "internalType": "contract ITokenDistributorParty",
            "name": "party",
            "type": "address"
          },
          {
            "internalType": "address payable",
            "name": "feeRecipient",
            "type": "address"
          },
          {
            "internalType": "address",
            "name": "token",
            "type": "address"
          },
          {
            "internalType": "uint128",
            "name": "memberSupply",
            "type": "uint128"
          },
          {
            "internalType": "uint128",
            "name": "fee",
            "type": "uint128"
          }
        ],
        "indexed": false,
        "internalType": "struct ITokenDistributor.DistributionInfo",
        "name": "info",
        "type": "tuple"
      }
    ],
    "name": "DistributionCreated",
    "type": "event"
  },
  {
    "anonymous": false,
    "inputs": [
      {
        "indexed": true,
        "internalType": "contract ITokenDistributorParty",
        "name": "party",
        "type": "address"
      },
      {
        "indexed": true,
        "internalType": "address",
        "name": "feeRecipient",
        "type": "address"
      },
      {
        "indexed": false,
        "internalType": "enum ITokenDistributor.TokenType",
        "name": "tokenType",
        "type": "uint8"
      },
      {
        "indexed": false,
        "internalType": "address",
        "name": "token",
        "type": "address"
      },
      {
        "indexed": false,
        "internalType": "uint256",
        "name": "amount",
        "type": "uint256"
      }
    ],
    "name": "DistributionFeeClaimed",
    "type": "event"
  },
  {
    "anonymous": false,
    "inputs": [
      {
        "indexed": false,
        "internalType": "address",
        "name": "target",
        "type": "address"
      },
      {
        "indexed": false,
        "internalType": "bytes",
        "name": "data",
        "type": "bytes"
      }
    ],
    "name": "EmergencyExecute",
    "type": "event"
  },
  {
    "inputs": [],
    "name": "EMERGENCY_DISABLED_TIMESTAMP",
    "outputs": [
      {
        "internalType": "uint40",
        "name": "",
        "type": "uint40"
      }
    ],
    "stateMutability": "view",
    "type": "function"
  },
  {
    "inputs": [],
    "name": "GLOBALS",
    "outputs": [
      {
        "internalType": "contract IGlobals",
        "name": "",
        "type": "address"
      }
    ],
    "stateMutability": "view",
    "type": "function"
  },
  {
    "inputs": [
      {
        "components": [
          {
            "internalType": "enum ITokenDistributor.TokenType",
            "name": "tokenType",
            "type": "uint8"
          },
          {
            "internalType": "uint256",
            "name": "distributionId",
            "type": "uint256"
          },
          {
            "internalType": "contract ITokenDistributorParty",
            "name": "party",
            "type": "address"
          },
          {
            "internalType": "address payable",
            "name": "feeRecipient",
            "type": "address"
          },
          {
            "internalType": "address",
            "name": "token",
            "type": "address"
          },
          {
            "internalType": "uint128",
            "name": "memberSupply",
            "type": "uint128"
          },
          {
            "internalType": "uint128",
            "name": "fee",
            "type": "uint128"
          }
        ],
        "internalType": "struct ITokenDistributor.DistributionInfo[]",
        "name": "infos",
        "type": "tuple[]"
      },
      {
        "internalType": "uint256[]",
        "name": "partyTokenIds",
        "type": "uint256[]"
      }
    ],
    "name": "batchClaim",
    "outputs": [
      {
        "internalType": "uint128[]",
        "name": "amountsClaimed",
        "type": "uint128[]"
      }
    ],
    "stateMutability": "nonpayable",
    "type": "function"
  },
  {
    "inputs": [
      {
        "components": [
          {
            "internalType": "enum ITokenDistributor.TokenType",
            "name": "tokenType",
            "type": "uint8"
          },
          {
            "internalType": "uint256",
            "name": "distributionId",
            "type": "uint256"
          },
          {
            "internalType": "contract ITokenDistributorParty",
            "name": "party",
            "type": "address"
          },
          {
            "internalType": "address payable",
            "name": "feeRecipient",
            "type": "address"
          },
          {
            "internalType": "address",
            "name": "token",
            "type": "address"
          },
          {
            "internalType": "uint128",
            "name": "memberSupply",
            "type": "uint128"
          },
          {
            "internalType": "uint128",
            "name": "fee",
            "type": "uint128"
          }
        ],
        "internalType": "struct ITokenDistributor.DistributionInfo[]",
        "name": "infos",
        "type": "tuple[]"
      },
      {
        "internalType": "address payable[]",
        "name": "recipients",
        "type": "address[]"
      }
    ],
    "name": "batchClaimFee",
    "outputs": [],
    "stateMutability": "nonpayable",
    "type": "function"
  },
  {
    "inputs": [
      {
        "components": [
          {
            "internalType": "enum ITokenDistributor.TokenType",
            "name": "tokenType",
            "type": "uint8"
          },
          {
            "internalType": "uint256",
            "name": "distributionId",
            "type": "uint256"
          },
          {
            "internalType": "contract ITokenDistributorParty",
            "name": "party",
            "type": "address"
          },
          {
            "internalType": "address payable",
            "name": "feeRecipient",
            "type": "address"
          },
          {
            "internalType": "address",
            "name": "token",
            "type": "address"
          },
          {
            "internalType": "uint128",
            "name": "memberSupply",
            "type": "uint128"
          },
          {
            "internalType": "uint128",
            "name": "fee",
            "type": "uint128"
          }
        ],
        "internalType": "struct ITokenDistributor.DistributionInfo",
        "name": "info",
        "type": "tuple"
      },
      {
        "internalType": "uint256",
        "name": "partyTokenId",
        "type": "uint256"
      }
    ],
    "name": "claim",
    "outputs": [
      {
        "internalType": "uint128",
        "name": "amountClaimed",
        "type": "uint128"
      }
    ],
    "stateMutability": "nonpayable",
    "type": "function"
  },
  {
    "inputs": [
      {
        "components": [
          {
            "internalType": "enum ITokenDistributor.TokenType",
            "name": "tokenType",
            "type": "uint8"
          },
          {
            "internalType": "uint256",
            "name": "distributionId",
            "type": "uint256"
          },
          {
            "internalType": "contract ITokenDistributorParty",
            "name": "party",
            "type": "address"
          },
          {
            "internalType": "address payable",
            "name": "feeRecipient",
            "type": "address"
          },
          {
            "internalType": "address",
            "name": "token",
            "type": "address"
          },
          {
            "internalType": "uint128",
            "name": "memberSupply",
            "type": "uint128"
          },
          {
            "internalType": "uint128",
            "name": "fee",
            "type": "uint128"
          }
        ],
        "internalType": "struct ITokenDistributor.DistributionInfo",
        "name": "info",
        "type": "tuple"
      },
      {
        "internalType": "address payable",
        "name": "recipient",
        "type": "address"
      }
    ],
    "name": "claimFee",
    "outputs": [],
    "stateMutability": "nonpayable",
    "type": "function"
  },
  {
    "inputs": [
      {
        "internalType": "contract IERC20",
        "name": "token",
        "type": "address"
      },
      {
        "internalType": "contract ITokenDistributorParty",
        "name": "party",
        "type": "address"
      },
      {
        "internalType": "address payable",
        "name": "feeRecipient",
        "type": "address"
      },
      {
        "internalType": "uint16",
        "name": "feeBps",
        "type": "uint16"
      }
    ],
    "name": "createErc20Distribution",
    "outputs": [
      {
        "components": [
          {
            "internalType": "enum ITokenDistributor.TokenType",
            "name": "tokenType",
            "type": "uint8"
          },
          {
            "internalType": "uint256",
            "name": "distributionId",
            "type": "uint256"
          },
          {
            "internalType": "contract ITokenDistributorParty",
            "name": "party",
            "type": "address"
          },
          {
            "internalType": "address payable",
            "name": "feeRecipient",
            "type": "address"
          },
          {
            "internalType": "address",
            "name": "token",
            "type": "address"
          },
          {
            "internalType": "uint128",
            "name": "memberSupply",
            "type": "uint128"
          },
          {
            "internalType": "uint128",
            "name": "fee",
            "type": "uint128"
          }
        ],
        "internalType": "struct ITokenDistributor.DistributionInfo",
        "name": "info",
        "type": "tuple"
      }
    ],
    "stateMutability": "nonpayable",
    "type": "function"
  },
  {
    "inputs": [
      {
        "internalType": "contract ITokenDistributorParty",
        "name": "party",
        "type": "address"
      },
      {
        "internalType": "address payable",
        "name": "feeRecipient",
        "type": "address"
      },
      {
        "internalType": "uint16",
        "name": "feeBps",
        "type": "uint16"
      }
    ],
    "name": "createNativeDistribution",
    "outputs": [
      {
        "components": [
          {
            "internalType": "enum ITokenDistributor.TokenType",
            "name": "tokenType",
            "type": "uint8"
          },
          {
            "internalType": "uint256",
            "name": "distributionId",
            "type": "uint256"
          },
          {
            "internalType": "contract ITokenDistributorParty",
            "name": "party",
            "type": "address"
          },
          {
            "internalType": "address payable",
            "name": "feeRecipient",
            "type": "address"
          },
          {
            "internalType": "address",
            "name": "token",
            "type": "address"
          },
          {
            "internalType": "uint128",
            "name": "memberSupply",
            "type": "uint128"
          },
          {
            "internalType": "uint128",
            "name": "fee",
            "type": "uint128"
          }
        ],
        "internalType": "struct ITokenDistributor.DistributionInfo",
        "name": "info",
        "type": "tuple"
      }
    ],
    "stateMutability": "payable",
    "type": "function"
  },
  {
    "inputs": [
      {
        "internalType": "address",
        "name": "targetAddress",
        "type": "address"
      },
      {
        "internalType": "bytes",
        "name": "targetCallData",
        "type": "bytes"
      }
    ],
    "name": "emergencyExecute",
    "outputs": [],
    "stateMutability": "nonpayable",
    "type": "function"
  },
  {
    "inputs": [
      {
        "internalType": "contract ITokenDistributorParty",
        "name": "party",
        "type": "address"
      },
      {
        "internalType": "uint256",
        "name": "memberSupply",
        "type": "uint256"
      },
      {
        "internalType": "uint256",
        "name": "partyTokenId",
        "type": "uint256"
      }
    ],
    "name": "getClaimAmount",
    "outputs": [
      {
        "internalType": "uint128",
        "name": "",
        "type": "uint128"
      }
    ],
    "stateMutability": "view",
    "type": "function"
  },
  {
    "inputs": [
      {
        "internalType": "contract ITokenDistributorParty",
        "name": "party",
        "type": "address"
      },
      {
        "internalType": "uint256",
        "name": "distributionId",
        "type": "uint256"
      }
    ],
    "name": "getRemainingMemberSupply",
    "outputs": [
      {
        "internalType": "uint128",
        "name": "",
        "type": "uint128"
      }
    ],
    "stateMutability": "view",
    "type": "function"
  },
  {
    "inputs": [
      {
        "internalType": "contract ITokenDistributorParty",
        "name": "party",
        "type": "address"
      },
      {
        "internalType": "uint256",
        "name": "partyTokenId",
        "type": "uint256"
      },
      {
        "internalType": "uint256",
        "name": "distributionId",
        "type": "uint256"
      }
    ],
    "name": "hasPartyTokenIdClaimed",
    "outputs": [
      {
        "internalType": "bool",
        "name": "",
        "type": "bool"
      }
    ],
    "stateMutability": "view",
    "type": "function"
  },
  {
    "inputs": [
      {
        "internalType": "contract ITokenDistributorParty",
        "name": "",
        "type": "address"
      }
    ],
    "name": "lastDistributionIdPerParty",
    "outputs": [
      {
        "internalType": "uint256",
        "name": "",
        "type": "uint256"
      }
    ],
    "stateMutability": "view",
    "type": "function"
  },
  {
    "inputs": [
      {
        "internalType": "contract ITokenDistributorParty",
        "name": "party",
        "type": "address"
      },
      {
        "internalType": "uint256",
        "name": "distributionId",
        "type": "uint256"
      }
    ],
    "name": "wasFeeClaimed",
    "outputs": [
      {
        "internalType": "bool",
        "name": "",
        "type": "bool"
      }
    ],
    "stateMutability": "view",
    "type": "function"
  }
]
